{
  "build": {
    "arduino": {
      "ldscript": "nrf52840_s140_v6.ld"
    },
    "core": "nRF5",
    "cpu": "cortex-m4",
    "extra_flags": "-DARDUINO_NRF52840_LORA_RELAY_V2 -DNRF52840_XXAA",
    "f_cpu": "64000000L",
    "hwids": [["0x239A", "0x4406"]],
    "usb_product": "LORA_RELAY",
    "mcu": "nrf52840",
    "variant": "lora_relay_v2",
    "variants_dir": "variants",
    "bsp": {
      "name": "adafruit"
    },
    "softdevice": {
      "sd_flags": "-DS140",
      "sd_name": "s140",
      "sd_version": "6.1.1",
      "sd_fwid": "0x00B6"
    },
    "bootloader": {
      "settings_addr": "0xFF000"
    }
  },
  "connectivity": ["bluetooth"],
  "debug": {
    "jlink_device": "nRF52840_xxAA",
    "onboard_tools": ["jlink"],
    "svd_path": "nrf52840.svd",
    "openocd_target": "nrf52840-mdk-rs"
  },
  "frameworks": ["arduino"],
  "name": "Meshtastic Lora Relay V1 (Adafruit BSP)",
  "upload": {
    "maximum_ram_size": 248832,
    "maximum_size": 815104,
    "require_upload_port": true,
    "speed": 115200,
    "protocol": "jlink",
    "protocols": ["jlink", "nrfjprog", "stlink"]
  },
  "url": "https://github.com/BigCorvus/SX1262-LoRa-BLE-Relay",
  "vendor": "BigCorvus"
}
