{
  "build": {
    "arduino": {
      "ldscript": "nrf52833_s113_v7.ld"
    },
    "core": "nRF5",
    "cpu": "cortex-m4",
    "extra_flags": "-DARDUINO_NRF52833_PPR -DNRF52833_XXAA",
    "f_cpu": "64000000L",
    "hwids": [["0x239A", "0x4406"]],
    "usb_product": "PPR",
    "mcu": "nrf52833",
    "variant": "ppr",
    "variants_dir": "variants",
    "bsp": {
      "name": "adafruit"
    },
    "softdevice": {
      "sd_flags": "-DS113",
      "sd_name": "s113",
      "sd_version": "7.2.0",
      "sd_fwid": "0x00b6"
    },
    "bootloader": {
      "settings_addr": "0xFF000"
    }
  },
  "connectivity": ["bluetooth"],
  "debug": {
    "jlink_device": "nRF52833_xxAA",
    "onboard_tools": ["jlink"],
    "svd_path": "nrf52833.svd",
    "openocd_target": "nrf52840-mdk-rs"
  },
  "frameworks": ["arduino"],
  "name": "Meshtastic PPR1 (Adafruit BSP)",
  "upload": {
    "maximum_ram_size": 248832,
    "maximum_size": 815104,
    "require_upload_port": true,
    "speed": 115200,
    "protocol": "jlink",
    "protocols": ["jlink", "nrfjprog", "stlink"]
  },
  "url": "https://meshtastic.org/",
  "vendor": "Othernet"
}
